﻿<?xml version="1.0" encoding="UTF-8" standalone="yes"?>
<addon id="script.interdimensional" name="[COLOR ff64dd17]interdimensional[/COLOR]" version="1.0.0.1" provider-name="Modded by [COLOR ff64dd17]BoneCrusher[/COLOR], original work by phil65">
  <requires>
    <import addon="xbmc.python"                     version="2.19.0"/>
    <import addon="plugin.program.super.favourites" version="1.0.48"/>
    <import addon="plugin.video.PortalGun"/>
    <import addon="plugin.video.youtube"            version="5.3.10"/>
    <import addon="script.module.pil"               version="1.1.7"/>
    <import addon="script.module.requests"          version="1.1.0"/>
    <import addon="script.module.simplejson"        version="2.0.10"/>
    <import addon="script.module.urlresolver"       version="1.0.0"/>
    <import addon="script.module.youtube.dl"        version="14.519.1"/>
  </requires>
  <extension point="xbmc.python.script"             library="default.py">
    <provides>executable</provides>
  </extension>
  <extension point="xbmc.python.library"            library="default.py" />
  <extension point="xbmc.python.pluginsource"       library="plugin.py">
    <provides>video</provides>
  </extension>
  <extension point="xbmc.addon.metadata">
    <language/>
    <summary lang="en">[COLOR ff64dd17]interdimensional[/COLOR]</summary>
    <description lang="en">This script offers various possibilities to display online content inside skins as well as a complete MovieDB browser including info dialogs for various media types. Used services are themoviedb.org, theaudiodb.org, Trakt.TV, omdbapi.com and a lot more. Needs skin implementation for lot of functions. Uses [COLOR ff64dd17]portalgun[/COLOR] for playback and library functions.</description>
    <summary lang="nl">[COLOR ff64dd17]interdimensional[/COLOR]</summary>
    <description lang="nl">Dit script biedt meerdere mogelijkheden om online content weer te geven in skins en bevat ook een complete MovieDB browser inclusief info dialogen voor verscheidene media types. Gebruikte diensten zijn themoviedb.org, theaudiodb.org, Trakt.TV, omdbapi.com en nog veel meer. Vereist skin implementatie voor de meeste functies. Gebruikt [COLOR ff64dd17]portalgun[/COLOR] voor afspeel en bibliotheek functies.</description>
    <platform>all</platform>
  </extension>
</addon>
